min,objective_value
0,0.8739215069684301
5,0.8739215069684301
10,0.8739215069684301
15,0.8739215069684301