min,objective_value
0,0.8739215069684301
50,0.8739215069684301
100,0.8739215069684301
150,0.8739215069684301